-- MySQL dump 10.13  Distrib 8.0.27, for Linux (x86_64)
--
-- Host: localhost    Database: scnu_coding
-- ------------------------------------------------------
-- Server version	8.0.27

/*!40101 SET @OLD_CHARACTER_SET_CLIENT=@@CHARACTER_SET_CLIENT */;
/*!40101 SET @OLD_CHARACTER_SET_RESULTS=@@CHARACTER_SET_RESULTS */;
/*!40101 SET @OLD_COLLATION_CONNECTION=@@COLLATION_CONNECTION */;
/*!50503 SET NAMES utf8mb4 */;
/*!40103 SET @OLD_TIME_ZONE=@@TIME_ZONE */;
/*!40103 SET TIME_ZONE='+00:00' */;
/*!40014 SET @OLD_UNIQUE_CHECKS=@@UNIQUE_CHECKS, UNIQUE_CHECKS=0 */;
/*!40014 SET @OLD_FOREIGN_KEY_CHECKS=@@FOREIGN_KEY_CHECKS, FOREIGN_KEY_CHECKS=0 */;
/*!40101 SET @OLD_SQL_MODE=@@SQL_MODE, SQL_MODE='NO_AUTO_VALUE_ON_ZERO' */;
/*!40111 SET @OLD_SQL_NOTES=@@SQL_NOTES, SQL_NOTES=0 */;

--
-- Current Database: `scnu_coding`
--

CREATE DATABASE /*!32312 IF NOT EXISTS*/ `scnu_coding` /*!40100 DEFAULT CHARACTER SET utf8mb4 COLLATE utf8mb4_0900_ai_ci */ /*!80016 DEFAULT ENCRYPTION='N' */;

USE `scnu_coding`;

--
-- Table structure for table `checkin_detail`
--

DROP TABLE IF EXISTS `checkin_detail`;
/*!40101 SET @saved_cs_client     = @@character_set_client */;
/*!50503 SET character_set_client = utf8mb4 */;
CREATE TABLE `checkin_detail` (
  `checkin_detail_id` int NOT NULL AUTO_INCREMENT COMMENT 'id',
  `is_checkin` tinyint(1) NOT NULL COMMENT '是否有签到',
  `user_id` int NOT NULL COMMENT '用户id',
  `checkin_record_id` int DEFAULT NULL COMMENT '签到记录id',
  `created_at` datetime NOT NULL COMMENT '创建时间',
  `updated_at` datetime NOT NULL COMMENT '更新时间',
  PRIMARY KEY (`checkin_detail_id`),
  UNIQUE KEY `checkin_detail_pk` (`user_id`,`checkin_record_id`)
) ENGINE=InnoDB AUTO_INCREMENT=151 DEFAULT CHARSET=utf8mb4 COLLATE=utf8mb4_0900_ai_ci;
/*!40101 SET character_set_client = @saved_cs_client */;

--
-- Dumping data for table `checkin_detail`
--

LOCK TABLES `checkin_detail` WRITE;
/*!40000 ALTER TABLE `checkin_detail` DISABLE KEYS */;
INSERT INTO `checkin_detail` VALUES (12,0,2,1,'2021-04-13 21:42:28','2021-05-06 16:40:58'),(13,1,2,2,'2021-04-13 21:43:38','2021-04-13 21:43:38'),(14,0,2,6,'2021-04-20 01:34:53','2021-04-20 01:34:53'),(22,0,2,10,'2021-08-12 21:03:27','2021-08-12 21:03:27'),(23,0,123499,10,'2021-08-12 21:03:27','2021-08-12 21:03:27'),(24,0,123500,10,'2021-08-12 21:03:27','2021-08-12 21:03:27'),(25,0,123501,10,'2021-08-12 21:03:27','2021-08-12 21:03:27'),(26,0,123502,10,'2021-08-12 21:03:27','2021-08-12 21:03:27'),(27,0,123503,10,'2021-08-12 21:03:27','2021-08-12 21:03:27'),(28,0,123504,10,'2021-08-12 21:03:27','2021-08-12 21:03:27'),(29,0,123505,10,'2021-08-12 21:03:27','2021-08-12 21:03:27'),(30,0,123506,10,'2021-08-12 21:03:27','2021-08-12 21:03:27'),(31,0,123507,10,'2021-08-12 21:03:27','2021-08-12 21:03:27'),(32,0,123508,10,'2021-08-12 21:03:27','2021-08-12 21:03:27'),(33,0,123509,10,'2021-08-12 21:03:27','2021-08-12 21:03:27'),(34,0,123510,10,'2021-08-12 21:03:27','2021-08-12 21:03:27'),(35,0,123511,10,'2021-08-12 21:03:27','2021-08-12 21:03:27'),(36,0,123512,10,'2021-08-12 21:03:27','2021-08-12 21:03:27'),(37,0,123513,10,'2021-08-12 21:03:27','2021-08-12 21:03:27'),(38,0,123514,10,'2021-08-12 21:03:27','2021-08-12 21:03:27'),(39,0,123515,10,'2021-08-12 21:03:27','2021-08-12 21:03:27'),(40,0,123516,10,'2021-08-12 21:03:27','2021-08-12 21:03:27'),(41,0,123517,10,'2021-08-12 21:03:27','2021-08-12 21:03:27'),(42,0,123518,10,'2021-08-12 21:03:27','2021-08-12 21:03:27'),(43,0,123519,10,'2021-08-12 21:03:27','2021-08-12 21:03:27'),(44,0,123520,10,'2021-08-12 21:03:27','2021-08-12 21:03:27'),(45,0,123521,10,'2021-08-12 21:03:27','2021-08-12 21:03:27'),(46,0,123522,10,'2021-08-12 21:03:27','2021-08-12 21:03:27'),(47,0,123523,10,'2021-08-12 21:03:27','2021-08-12 21:03:27'),(48,0,2,11,'2021-08-12 21:04:11','2021-08-12 21:04:11'),(49,0,123499,11,'2021-08-12 21:04:11','2021-08-12 21:04:11'),(50,0,123500,11,'2021-08-12 21:04:11','2021-08-12 21:04:11'),(51,0,123501,11,'2021-08-12 21:04:11','2021-08-12 21:04:11'),(52,0,123502,11,'2021-08-12 21:04:11','2021-08-12 21:04:11'),(53,0,123503,11,'2021-08-12 21:04:11','2021-08-12 21:04:11'),(54,0,123504,11,'2021-08-12 21:04:11','2021-08-12 21:04:11'),(55,0,123505,11,'2021-08-12 21:04:11','2021-08-12 21:04:11'),(56,0,123506,11,'2021-08-12 21:04:11','2021-08-12 21:04:11'),(57,0,123507,11,'2021-08-12 21:04:11','2021-08-12 21:04:11'),(58,0,123508,11,'2021-08-12 21:04:11','2021-08-12 21:04:11'),(59,0,123509,11,'2021-08-12 21:04:11','2021-08-12 21:04:11'),(60,0,123510,11,'2021-08-12 21:04:11','2021-08-12 21:04:11'),(61,0,123511,11,'2021-08-12 21:04:11','2021-08-12 21:04:11'),(62,0,123512,11,'2021-08-12 21:04:11','2021-08-12 21:04:11'),(63,0,123513,11,'2021-08-12 21:04:11','2021-08-12 21:04:11'),(64,0,123514,11,'2021-08-12 21:04:11','2021-08-12 21:04:11'),(65,0,123515,11,'2021-08-12 21:04:11','2021-08-12 21:04:11'),(66,0,123516,11,'2021-08-12 21:04:11','2021-08-12 21:04:11'),(67,0,123517,11,'2021-08-12 21:04:11','2021-08-12 21:04:11'),(68,0,123518,11,'2021-08-12 21:04:11','2021-08-12 21:04:11'),(69,0,123519,11,'2021-08-12 21:04:11','2021-08-12 21:04:11'),(70,0,123520,11,'2021-08-12 21:04:11','2021-08-12 21:04:11'),(71,0,123521,11,'2021-08-12 21:04:11','2021-08-12 21:04:11'),(72,0,123522,11,'2021-08-12 21:04:11','2021-08-12 21:04:11'),(73,0,123523,11,'2021-08-12 21:04:11','2021-08-12 21:04:11'),(74,1,2,16,'2022-01-14 13:37:30','2022-01-14 14:00:46');
/*!40000 ALTER TABLE `checkin_detail` ENABLE KEYS */;
UNLOCK TABLES;

--
-- Table structure for table `checkin_record`
--

DROP TABLE IF EXISTS `checkin_record`;
/*!40101 SET @saved_cs_client     = @@character_set_client */;
/*!50503 SET character_set_client = utf8mb4 */;
CREATE TABLE `checkin_record` (
  `checkin_record_id` int NOT NULL AUTO_INCREMENT COMMENT 'id',
  `checkin_name` varchar(15) NOT NULL COMMENT '签到名称，例如2021年2月5日签到',
  `total_duration` int DEFAULT NULL COMMENT '限时时间',
  `checkin_key` varchar(6) NOT NULL COMMENT '签到密钥',
  `course_id` int NOT NULL COMMENT '课程id',
  `created_at` datetime NOT NULL COMMENT '创建时间',
  `updated_at` datetime NOT NULL COMMENT '更新时间',
  PRIMARY KEY (`checkin_record_id`)
) ENGINE=InnoDB AUTO_INCREMENT=21 DEFAULT CHARSET=utf8mb4 COLLATE=utf8mb4_0900_ai_ci COMMENT='课程签到表';
/*!40101 SET character_set_client = @saved_cs_client */;

--
-- Dumping data for table `checkin_record`
--

LOCK TABLES `checkin_record` WRITE;
/*!40000 ALTER TABLE `checkin_record` DISABLE KEYS */;
INSERT INTO `checkin_record` VALUES (1,'第一次签到',NULL,'0',118,'2021-04-10 23:38:06','2021-04-10 23:38:06'),(2,'第一次',NULL,'0',118,'2021-04-12 10:39:49','2021-04-12 10:39:49'),(4,'2021.04.16签到',NULL,'0',120,'2021-04-16 13:48:55','2021-04-16 13:48:55'),(6,'第二次签到',NULL,'0',118,'2021-04-20 01:34:53','2021-04-20 01:34:53'),(10,'',NULL,'123456',118,'2021-08-12 21:02:50','2021-08-12 21:02:50'),(11,'',NULL,'123456',118,'2021-08-12 21:04:11','2021-08-12 21:04:11'),(12,'2021-10-17签到',NULL,'040848',118,'2021-10-17 14:11:16','2021-10-17 14:11:16'),(13,'2021-10-17签到',NULL,'040848',118,'2021-10-17 14:11:33','2021-10-17 14:11:33'),(16,'2022-01-14签到',NULL,'813258',127,'2022-01-14 09:36:05','2022-01-14 09:36:05');
/*!40000 ALTER TABLE `checkin_record` ENABLE KEYS */;
UNLOCK TABLES;

--
-- Table structure for table `coding_time`
--

DROP TABLE IF EXISTS `coding_time`;
/*!40101 SET @saved_cs_client     = @@character_set_client */;
/*!50503 SET character_set_client = utf8mb4 */;
CREATE TABLE `coding_time` (
  `coding_time_id` int NOT NULL AUTO_INCREMENT,
  `lab_id` int NOT NULL COMMENT '实验id',
  `user_id` int NOT NULL COMMENT '学生id',
  `duration` int NOT NULL COMMENT '编码时间，分钟为单位',
  `created_at` datetime NOT NULL COMMENT '创建时间',
  `updated_at` datetime NOT NULL COMMENT '更新时间',
  PRIMARY KEY (`coding_time_id`)
) ENGINE=InnoDB AUTO_INCREMENT=99 DEFAULT CHARSET=utf8mb4 COLLATE=utf8mb4_0900_ai_ci;
/*!40101 SET character_set_client = @saved_cs_client */;

--
-- Dumping data for table `coding_time`
--

LOCK TABLES `coding_time` WRITE;
/*!40000 ALTER TABLE `coding_time` DISABLE KEYS */;
INSERT INTO `coding_time` VALUES (1,1,2,12,'2021-03-16 11:26:59','2021-03-16 11:26:59'),(2,1,2,12,'2021-03-16 12:00:04','2021-03-16 12:00:04'),(3,1,2,12,'2021-03-16 12:12:40','2021-03-16 12:12:40'),(4,1,2,12,'2021-03-16 12:12:43','2021-03-16 12:12:43'),(5,1,2,12,'2021-03-16 12:13:01','2021-03-16 12:13:01'),(6,0,2,24,'2021-03-20 17:07:44','2021-03-20 17:07:44'),(7,0,2,12,'2021-03-20 17:07:44','2021-03-20 17:07:44'),(8,0,2,253,'2021-03-20 17:07:44','2021-03-20 17:07:44'),(9,0,2,45,'2021-03-20 17:07:45','2021-03-20 17:07:45'),(10,0,2,40,'2021-03-20 17:08:08','2021-03-20 17:08:08'),(11,0,2,20,'2021-03-23 14:17:40','2021-03-23 14:17:40'),(12,1,2,340,'2021-04-06 17:32:00','2021-04-06 17:32:00'),(13,1,2,96,'2021-04-08 13:45:00','2021-04-08 13:45:00'),(14,1,2,2,'2021-04-09 16:28:01','2021-04-09 16:28:01'),(15,1,2,3,'2021-04-09 16:29:02','2021-04-09 16:29:02'),(16,1,2,4,'2021-04-09 16:30:02','2021-04-09 16:30:02'),(17,1,2,5,'2021-04-09 16:31:02','2021-04-09 16:31:02'),(18,1,2,6,'2021-04-09 16:32:03','2021-04-09 16:32:03'),(19,1,2,7,'2021-04-09 16:33:03','2021-04-09 16:33:03'),(20,1,2,8,'2021-04-09 16:34:03','2021-04-09 16:34:03'),(21,1,2,9,'2021-04-09 16:35:04','2021-04-09 16:35:04'),(22,1,2,10,'2021-04-09 16:36:04','2021-04-09 16:36:04'),(23,1,2,11,'2021-04-09 16:37:04','2021-04-09 16:37:04'),(24,1,2,12,'2021-04-09 16:38:05','2021-04-09 16:38:05'),(25,1,2,13,'2021-04-09 16:39:05','2021-04-09 16:39:05'),(26,1,2,14,'2021-04-09 16:40:06','2021-04-09 16:40:06'),(27,1,2,15,'2021-04-09 16:41:06','2021-04-09 16:41:06'),(28,1,2,16,'2021-04-09 16:42:06','2021-04-09 16:42:06'),(29,1,2,18,'2021-04-09 16:43:07','2021-04-09 16:43:07'),(30,1,2,19,'2021-04-09 16:44:07','2021-04-09 16:44:07'),(31,1,2,20,'2021-04-09 16:45:07','2021-04-09 16:45:07'),(32,1,2,21,'2021-04-09 16:46:08','2021-04-09 16:46:08'),(33,1,2,22,'2021-04-09 16:47:08','2021-04-09 16:47:08'),(34,1,2,23,'2021-04-09 16:48:08','2021-04-09 16:48:08'),(35,1,2,24,'2021-04-09 16:49:09','2021-04-09 16:49:09'),(36,1,2,25,'2021-04-09 16:50:09','2021-04-09 16:50:09'),(37,1,2,26,'2021-04-09 16:51:09','2021-04-09 16:51:09'),(38,1,2,34,'2021-04-09 16:59:44','2021-04-09 16:59:44'),(39,1,2,51,'2021-04-09 17:16:28','2021-04-09 17:16:28'),(40,1,2,52,'2021-04-09 17:17:28','2021-04-09 17:17:28'),(41,1,2,53,'2021-04-09 17:18:29','2021-04-09 17:18:29'),(42,1,2,54,'2021-04-09 17:19:29','2021-04-09 17:19:29'),(43,1,2,55,'2021-04-09 17:20:29','2021-04-09 17:20:29'),(44,1,2,56,'2021-04-09 17:21:30','2021-04-09 17:21:30'),(45,1,2,57,'2021-04-09 17:22:30','2021-04-09 17:22:30'),(46,1,2,58,'2021-04-09 17:23:30','2021-04-09 17:23:30'),(47,1,2,59,'2021-04-09 17:24:31','2021-04-09 17:24:31'),(48,1,2,60,'2021-04-09 17:25:31','2021-04-09 17:25:31'),(49,1,2,10,'2021-04-09 21:34:43','2021-04-09 21:34:43'),(50,1,2,11,'2021-04-09 21:35:44','2021-04-09 21:35:44'),(51,1,2,12,'2021-04-09 21:36:44','2021-04-09 21:36:44'),(52,1,2,13,'2021-04-09 21:37:44','2021-04-09 21:37:44'),(53,1,2,14,'2021-04-09 21:38:45','2021-04-09 21:38:45'),(54,1,2,15,'2021-04-09 21:39:45','2021-04-09 21:39:45'),(55,1,2,16,'2021-04-09 21:40:45','2021-04-09 21:40:45'),(56,1,2,17,'2021-04-09 21:41:46','2021-04-09 21:41:46'),(57,1,2,18,'2021-04-09 21:42:46','2021-04-09 21:42:46'),(58,1,2,19,'2021-04-09 21:43:46','2021-04-09 21:43:46'),(59,1,2,20,'2021-04-09 21:44:47','2021-04-09 21:44:47'),(60,1,2,21,'2021-04-09 21:45:47','2021-04-09 21:45:47'),(61,1,2,22,'2021-04-09 21:46:47','2021-04-09 21:46:47'),(62,1,2,23,'2021-04-09 21:47:48','2021-04-09 21:47:48'),(63,1,2,24,'2021-04-09 21:48:48','2021-04-09 21:48:48'),(64,1,2,25,'2021-04-09 21:49:49','2021-04-09 21:49:49'),(65,1,2,26,'2021-04-09 21:50:49','2021-04-09 21:50:49'),(66,1,2,27,'2021-04-09 21:51:49','2021-04-09 21:51:49'),(67,1,2,28,'2021-04-09 21:52:21','2021-04-09 21:52:21'),(68,1,2,1,'2021-04-11 15:40:41','2021-04-11 15:40:41'),(69,1,2,61,'2021-04-11 16:47:53','2021-04-11 16:47:53'),(70,1,2,1,'2021-04-11 18:59:26','2021-04-11 18:59:26'),(71,1,2,28,'2021-04-12 09:38:34','2021-04-12 09:38:34'),(72,1,2,5,'2021-04-12 11:24:51','2021-04-12 11:24:51'),(73,1,2,1,'2021-04-12 13:28:11','2021-04-12 13:28:11'),(74,1,2,1,'2021-04-12 13:36:13','2021-04-12 13:36:13'),(75,1,2,2,'2021-04-14 16:01:16','2021-04-14 16:01:16'),(76,1,2,17,'2021-04-14 16:18:36','2021-04-14 16:18:36'),(77,1,2,4,'2021-04-16 14:46:53','2021-04-16 14:46:53'),(78,1,2,2,'2021-04-16 14:50:36','2021-04-16 14:50:36'),(79,1,2,13,'2021-04-16 15:12:24','2021-04-16 15:12:24'),(80,1,2,5,'2021-04-16 15:25:58','2021-04-16 15:25:58'),(81,1,2,1,'2021-04-16 15:35:08','2021-04-16 15:35:08'),(82,1,2,2,'2021-04-16 15:38:21','2021-04-16 15:38:21'),(83,1,2,8,'2021-04-16 15:47:08','2021-04-16 15:47:08'),(84,1,2,9,'2021-04-16 15:56:40','2021-04-16 15:56:40'),(85,1,1,33,'2021-04-19 18:17:26','2021-04-19 18:17:26'),(86,1,2,5,'2021-04-19 18:59:18','2021-04-19 18:59:18'),(87,1,2,3,'2021-04-20 01:33:53','2021-04-20 01:33:53'),(88,1,2,10,'2021-04-22 12:05:02','2021-04-22 12:05:02'),(89,1,2,15,'2021-04-22 12:40:09','2021-04-22 12:40:09'),(90,1,1,114,'2021-05-09 22:38:42','2021-05-09 22:38:42'),(91,1,2,119,'2021-05-09 22:38:43','2021-05-09 22:38:43'),(92,1,2,4,'2021-05-10 16:24:11','2021-05-10 16:24:11'),(93,3,2,7,'2021-05-11 09:40:32','2021-05-11 09:40:32'),(94,4,2,6,'2021-05-11 11:09:03','2021-05-11 11:09:03'),(95,4,2,2,'2021-05-11 11:20:04','2021-05-11 11:20:04'),(96,1,2,3,'2021-05-11 16:22:55','2021-05-11 16:22:55'),(97,6,2,3,'2021-05-11 17:14:57','2021-05-11 17:14:57'),(98,4,2,1,'2022-01-12 22:54:25','2022-01-12 22:54:25');
/*!40000 ALTER TABLE `coding_time` ENABLE KEYS */;
UNLOCK TABLES;

--
-- Table structure for table `course`
--

DROP TABLE IF EXISTS `course`;
/*!40101 SET @saved_cs_client     = @@character_set_client */;
/*!50503 SET character_set_client = utf8mb4 */;
CREATE TABLE `course` (
  `course_id` int NOT NULL AUTO_INCREMENT COMMENT '主键',
  `user_id` int NOT NULL COMMENT '教师id',
  `course_name` varchar(16) NOT NULL COMMENT '课程名称，限15字',
  `course_des` varchar(256) NOT NULL COMMENT '课程描述，限300字',
  `secret_key` int NOT NULL COMMENT '加入课程的密码,6位',
  `is_close` tinyint(1) NOT NULL DEFAULT '0' COMMENT '结课标志',
  `language_type` int DEFAULT NULL,
  `created_at` datetime NOT NULL COMMENT '创建时间',
  `updated_at` datetime NOT NULL COMMENT '修改时间',
  `cover_img` varchar(255) DEFAULT NULL COMMENT '封面url',
  PRIMARY KEY (`course_id`)
) ENGINE=InnoDB AUTO_INCREMENT=135 DEFAULT CHARSET=utf8mb4 COLLATE=utf8mb4_0900_ai_ci COMMENT='课程';
/*!40101 SET character_set_client = @saved_cs_client */;

--
-- Dumping data for table `course`
--

LOCK TABLES `course` WRITE;
/*!40000 ALTER TABLE `course` DISABLE KEYS */;
INSERT INTO `course` VALUES (121,1,'Java程序设计','此课程为Java程序设计课程，欢迎大家加入',123456,1,2,'2021-04-19 21:10:21','2022-02-25 21:16:27',NULL),(126,1,'python程序设计','此课程为python的程序设计入门课程，希望同学们通过本课程的学习对python程序设计有一定了解',123456,0,3,'2021-05-11 10:46:29','2021-10-14 20:08:08',''),(127,1,'C++程序设计ww','www1',123456,0,1,'2021-10-02 17:56:19','2022-01-11 22:19:08','');
/*!40000 ALTER TABLE `course` ENABLE KEYS */;
UNLOCK TABLES;

--
-- Table structure for table `course_announcement`
--

DROP TABLE IF EXISTS `course_announcement`;
/*!40101 SET @saved_cs_client     = @@character_set_client */;
/*!50503 SET character_set_client = utf8mb4 */;
CREATE TABLE `course_announcement` (
  `course_announcement_id` int NOT NULL AUTO_INCREMENT COMMENT 'id',
  `title` varchar(16) NOT NULL COMMENT '标题',
  `course_id` int NOT NULL COMMENT '课程id',
  `content` varchar(2048) NOT NULL COMMENT '公告内容，限2000字',
  `created_at` datetime DEFAULT NULL COMMENT '创建时间',
  `updated_at` datetime DEFAULT NULL COMMENT '修改时间',
  `attachment_src` varchar(255) DEFAULT NULL COMMENT '文件url',
  PRIMARY KEY (`course_announcement_id`)
) ENGINE=InnoDB AUTO_INCREMENT=7 DEFAULT CHARSET=utf8mb4 COLLATE=utf8mb4_0900_ai_ci COMMENT='课程资源，包括公告，附件等等';
/*!40101 SET character_set_client = @saved_cs_client */;

--
-- Dumping data for table `course_announcement`
--

LOCK TABLES `course_announcement` WRITE;
/*!40000 ALTER TABLE `course_announcement` DISABLE KEYS */;
INSERT INTO `course_announcement` VALUES (3,'weftaw',126,'rawerwerawer','2021-10-09 21:08:00','2021-10-09 21:08:00','新建文本文档1633784879.txt'),(6,'wef',121,'awefawef','2021-10-16 21:29:06','2022-02-27 21:06:44','');
/*!40000 ALTER TABLE `course_announcement` ENABLE KEYS */;
UNLOCK TABLES;

--
-- Table structure for table `course_comment`
--

DROP TABLE IF EXISTS `course_comment`;
/*!40101 SET @saved_cs_client     = @@character_set_client */;
/*!50503 SET character_set_client = utf8mb4 */;
CREATE TABLE `course_comment` (
  `course_id` int NOT NULL COMMENT '实验内容',
  `comment_text` varchar(128) NOT NULL COMMENT '评论内容，限120字',
  `pid` int DEFAULT '0' COMMENT '父评论id，主评时为空',
  `user_id` int NOT NULL COMMENT '发评论的用户id',
  `created_at` datetime NOT NULL COMMENT '创建时间',
  `updated_at` datetime NOT NULL COMMENT '更新时间',
  `course_comment_id` int NOT NULL AUTO_INCREMENT COMMENT '主键',
  PRIMARY KEY (`course_comment_id`)
) ENGINE=InnoDB AUTO_INCREMENT=37 DEFAULT CHARSET=utf8mb4 COLLATE=utf8mb4_0900_ai_ci COMMENT='课程评论';
/*!40101 SET character_set_client = @saved_cs_client */;

--
-- Dumping data for table `course_comment`
--

LOCK TABLES `course_comment` WRITE;
/*!40000 ALTER TABLE `course_comment` DISABLE KEYS */;
INSERT INTO `course_comment` VALUES (126,'esfd',0,1,'2021-10-01 16:07:04','2021-10-01 16:07:04',1),(126,'',0,1,'2021-10-01 16:07:05','2021-10-01 16:07:05',2),(118,'we',0,2,'2022-01-11 21:00:04','2022-01-11 21:00:04',22),(127,'we',0,1,'2022-01-11 22:23:51','2022-01-11 22:23:51',23);
/*!40000 ALTER TABLE `course_comment` ENABLE KEYS */;
UNLOCK TABLES;

--
-- Table structure for table `lab`
--

DROP TABLE IF EXISTS `lab`;
/*!40101 SET @saved_cs_client     = @@character_set_client */;
/*!50503 SET character_set_client = utf8mb4 */;
CREATE TABLE `lab` (
  `lab_id` int NOT NULL AUTO_INCREMENT COMMENT '主键',
  `course_id` int NOT NULL COMMENT '该实验隶属的课程',
  `attachment_src` varchar(255) DEFAULT NULL COMMENT '实验附件url',
  `deadline` varchar(255) DEFAULT NULL COMMENT '截止时间',
  `updated_at` datetime DEFAULT NULL COMMENT '修改时间',
  `created_at` datetime DEFAULT NULL COMMENT '创建时间',
  `content` text NOT NULL COMMENT '实验内容描述',
  `title` varchar(255) NOT NULL COMMENT '标题',
  `type` int DEFAULT NULL COMMENT '枚举，练习，作业，考试',
  PRIMARY KEY (`lab_id`)
) ENGINE=InnoDB AUTO_INCREMENT=32 DEFAULT CHARSET=utf8mb4 COLLATE=utf8mb4_0900_ai_ci COMMENT='实验表';
/*!40101 SET character_set_client = @saved_cs_client */;

--
-- Dumping data for table `lab`
--

LOCK TABLES `lab` WRITE;
/*!40000 ALTER TABLE `lab` DISABLE KEYS */;
INSERT INTO `lab` VALUES (1,118,NULL,'2021-09-09 13:26:39','2021-03-16 09:54:13','2021-03-16 09:54:13','水仙花数是指一个 3 位数，它的每个位上的数字的 3次幂之和等于它本身（例如：1^3 + 5^3+ 3^3 = 153）。\n请打印出1000以内的所有水仙花数\n','水仙花数',1),(2,121,NULL,'','2021-10-16 21:21:08','2021-05-06 16:48:55','本实验为面向对象程序设计实验','面向对象程序设计',1),(3,122,NULL,'2021-05-15','2021-05-11 09:30:24','2021-05-11 09:30:24','请求出100-1000内的所有水仙花数','水仙花数',1),(4,126,'','','2021-10-03 13:35:45','2021-05-11 10:49:01','求1000we以的waeawefawefawef','水仙花数实验',1),(9,118,NULL,'','2021-10-10 19:49:50','2021-05-11 20:08:08','菲波那契数列是指这样的数列: 数列的第一个和第二个数都为1，接下来每个数都等于前面2个数之和。请打印出第20项斐波那契数列。','打印斐波那契数列',1),(10,0,'',NULL,'2021-09-17 21:25:22','2021-09-17 21:25:22','','',1),(11,0,'','2021-09-09 13:26:39','2021-09-17 21:28:01','2021-09-17 21:28:01','awefawef','awefwaef',1),(12,0,'202124306000036794541631885365.png','2021-09-28 13:28:05','2021-09-17 21:29:34','2021-09-17 21:29:34','waef','awef',1),(13,0,'202124306000036794541631885365.png','2021-09-28 13:28:05','2021-09-17 21:29:42','2021-09-17 21:29:42','waef','awef',1),(14,0,'',NULL,'2021-09-17 21:32:37','2021-09-17 21:32:37','','',1),(15,0,'',NULL,'2021-09-25 13:07:31','2021-09-25 13:07:31','we','s',NULL),(16,0,'',NULL,'2021-09-25 13:08:14','2021-09-25 13:08:14','we','e',NULL),(17,0,'','2021-09-29 05:09:16','2021-09-25 13:09:20','2021-09-25 13:09:20','we','e',NULL),(18,0,'','2021-09-29 05:09:16','2021-09-25 13:09:26','2021-09-25 13:09:26','we','e',NULL),(19,0,'','2021-09-29 05:09:16','2021-09-25 13:10:26','2021-09-25 13:10:26','we','e',NULL),(29,121,'','2021-10-06T13:21:14.713Z','2021-10-16 21:21:17','2021-10-16 21:20:54','awefawf','waefawef',NULL),(30,127,'','2022-01-06 12:36:25','2022-01-11 20:36:58','2022-01-11 20:36:58','handle','wef',NULL),(31,127,'','2022-01-13 18:02:02','2022-01-14 09:49:47','2022-01-14 09:49:47','we','waefawef',NULL);
/*!40000 ALTER TABLE `lab` ENABLE KEYS */;
UNLOCK TABLES;

--
-- Table structure for table `lab_comment`
--

DROP TABLE IF EXISTS `lab_comment`;
/*!40101 SET @saved_cs_client     = @@character_set_client */;
/*!50503 SET character_set_client = utf8mb4 */;
CREATE TABLE `lab_comment` (
  `lab_id` int DEFAULT NULL COMMENT '实验id',
  `comment_text` varchar(128) DEFAULT NULL COMMENT '评论内容，限120字',
  `pid` int NOT NULL DEFAULT '0' COMMENT '父评论id，主评时为0',
  `user_id` int NOT NULL COMMENT '发评论的用户id',
  `created_at` datetime DEFAULT NULL COMMENT '创建时间',
  `updated_at` datetime DEFAULT NULL COMMENT '更新时间',
  `lab_comment_id` int NOT NULL AUTO_INCREMENT COMMENT '主键',
  PRIMARY KEY (`lab_comment_id`)
) ENGINE=InnoDB AUTO_INCREMENT=82 DEFAULT CHARSET=utf8mb4 COLLATE=utf8mb4_0900_ai_ci COMMENT='实验评论';
/*!40101 SET character_set_client = @saved_cs_client */;

--
-- Dumping data for table `lab_comment`
--

LOCK TABLES `lab_comment` WRITE;
/*!40000 ALTER TABLE `lab_comment` DISABLE KEYS */;
INSERT INTO `lab_comment` VALUES (4,'we',0,2,'2021-09-04 22:56:48','2021-09-04 22:56:48',36);
/*!40000 ALTER TABLE `lab_comment` ENABLE KEYS */;
UNLOCK TABLES;

--
-- Table structure for table `lab_submit`
--

DROP TABLE IF EXISTS `lab_submit`;
/*!40101 SET @saved_cs_client     = @@character_set_client */;
/*!50503 SET character_set_client = utf8mb4 */;
CREATE TABLE `lab_submit` (
  `lab_submit_id` int NOT NULL AUTO_INCREMENT,
  `lab_id` int NOT NULL COMMENT 'lab id',
  `user_id` int NOT NULL COMMENT '用户id',
  `score` int DEFAULT NULL COMMENT '分数',
  `lab_submit_comment` varchar(255) DEFAULT NULL COMMENT '评论',
  `is_finish` tinyint(1) NOT NULL DEFAULT '0' COMMENT '是否完成',
  `report_content` text COMMENT '实验报告(md)/存放实验报告pdf的url',
  `created_at` datetime NOT NULL COMMENT '创建时间',
  `updated_at` datetime NOT NULL COMMENT '更新时间',
  PRIMARY KEY (`lab_submit_id`),
  UNIQUE KEY `lab_submit_user_id_lab_id_uindex` (`user_id`,`lab_id`)
) ENGINE=InnoDB AUTO_INCREMENT=274 DEFAULT CHARSET=utf8mb4 COLLATE=utf8mb4_0900_ai_ci;
/*!40101 SET character_set_client = @saved_cs_client */;

--
-- Dumping data for table `lab_submit`
--

LOCK TABLES `lab_submit` WRITE;
/*!40000 ALTER TABLE `lab_submit` DISABLE KEYS */;
INSERT INTO `lab_submit` VALUES (14,1,4,98,NULL,0,NULL,'2021-04-11 23:21:43','2021-04-15 23:42:27'),(15,1,2,60,'很好',1,'awefwefweffff','2021-04-13 15:45:04','2021-10-11 12:04:51'),(24,2,123499,NULL,NULL,0,NULL,'2021-05-06 16:48:55','2021-05-06 16:48:55'),(25,2,123500,NULL,NULL,0,NULL,'2021-05-06 16:48:55','2021-05-06 16:48:55'),(26,2,123501,NULL,NULL,0,NULL,'2021-05-06 16:48:55','2021-05-06 16:48:55'),(27,2,123502,NULL,NULL,0,NULL,'2021-05-06 16:48:55','2021-05-06 16:48:55'),(28,2,123503,NULL,NULL,0,NULL,'2021-05-06 16:48:55','2021-05-06 16:48:55'),(29,2,123504,NULL,NULL,0,NULL,'2021-05-06 16:48:55','2021-05-06 16:48:55'),(30,2,123505,NULL,NULL,0,NULL,'2021-05-06 16:48:55','2021-05-06 16:48:55'),(31,2,123506,NULL,NULL,0,NULL,'2021-05-06 16:48:55','2021-05-06 16:48:55'),(32,2,123507,NULL,NULL,0,NULL,'2021-05-06 16:48:55','2021-05-06 16:48:55'),(33,2,123508,NULL,NULL,0,NULL,'2021-05-06 16:48:55','2021-05-06 16:48:55'),(34,2,123509,NULL,NULL,0,NULL,'2021-05-06 16:48:55','2021-05-06 16:48:55'),(35,2,123510,NULL,NULL,0,NULL,'2021-05-06 16:48:55','2021-05-06 16:48:55'),(36,2,123511,NULL,NULL,0,NULL,'2021-05-06 16:48:55','2021-05-06 16:48:55'),(37,2,123512,NULL,NULL,0,NULL,'2021-05-06 16:48:55','2021-05-06 16:48:55'),(38,2,123513,NULL,NULL,0,NULL,'2021-05-06 16:48:55','2021-05-06 16:48:55'),(39,2,123514,NULL,NULL,0,NULL,'2021-05-06 16:48:55','2021-05-06 16:48:55'),(40,2,123515,NULL,NULL,0,NULL,'2021-05-06 16:48:55','2021-05-06 16:48:55'),(41,2,123516,NULL,NULL,0,NULL,'2021-05-06 16:48:55','2021-05-06 16:48:55'),(42,2,123517,NULL,NULL,0,NULL,'2021-05-06 16:48:55','2021-05-06 16:48:55'),(43,2,123518,NULL,NULL,0,NULL,'2021-05-06 16:48:55','2021-05-06 16:48:55'),(44,2,123519,NULL,NULL,0,NULL,'2021-05-06 16:48:55','2021-05-06 16:48:55'),(45,2,123520,NULL,NULL,0,NULL,'2021-05-06 16:48:55','2021-05-06 16:48:55'),(46,2,123521,NULL,NULL,0,NULL,'2021-05-06 16:48:55','2021-05-06 16:48:55'),(47,2,123522,NULL,NULL,0,NULL,'2021-05-06 16:48:55','2021-05-06 16:48:55'),(48,2,123523,NULL,NULL,0,NULL,'2021-05-06 16:48:55','2021-05-06 16:48:55'),(56,3,2,80,'非常好',1,NULL,'2021-05-11 09:30:24','2021-05-11 10:30:58'),(175,9,2,NULL,NULL,0,'## 标题','2021-05-11 20:08:08','2022-01-11 20:57:36'),(176,9,123499,NULL,NULL,0,NULL,'2021-05-11 20:08:08','2021-05-11 20:08:08'),(177,9,123500,NULL,NULL,0,NULL,'2021-05-11 20:08:08','2021-05-11 20:08:08'),(178,9,123501,NULL,NULL,0,NULL,'2021-05-11 20:08:08','2021-05-11 20:08:08'),(179,9,123502,NULL,NULL,0,NULL,'2021-05-11 20:08:08','2021-05-11 20:08:08'),(180,9,123503,NULL,NULL,0,NULL,'2021-05-11 20:08:08','2021-05-11 20:08:08'),(181,9,123504,NULL,NULL,0,NULL,'2021-05-11 20:08:08','2021-05-11 20:08:08'),(182,9,123505,NULL,NULL,0,NULL,'2021-05-11 20:08:08','2021-05-11 20:08:08'),(183,9,123506,NULL,NULL,0,NULL,'2021-05-11 20:08:08','2021-05-11 20:08:08'),(184,9,123507,NULL,NULL,0,NULL,'2021-05-11 20:08:08','2021-05-11 20:08:08'),(185,9,123508,NULL,NULL,0,NULL,'2021-05-11 20:08:08','2021-05-11 20:08:08'),(186,9,123509,NULL,NULL,0,NULL,'2021-05-11 20:08:08','2021-05-11 20:08:08'),(187,9,123510,NULL,NULL,0,NULL,'2021-05-11 20:08:08','2021-05-11 20:08:08'),(188,9,123511,NULL,NULL,0,NULL,'2021-05-11 20:08:08','2021-05-11 20:08:08'),(189,9,123512,NULL,NULL,0,NULL,'2021-05-11 20:08:08','2021-05-11 20:08:08'),(190,9,123513,NULL,NULL,0,NULL,'2021-05-11 20:08:08','2021-05-11 20:08:08'),(191,9,123514,NULL,NULL,0,NULL,'2021-05-11 20:08:08','2021-05-11 20:08:08'),(192,9,123515,NULL,NULL,0,NULL,'2021-05-11 20:08:08','2021-05-11 20:08:08'),(193,9,123516,NULL,NULL,0,NULL,'2021-05-11 20:08:08','2021-05-11 20:08:08'),(194,9,123517,NULL,NULL,0,NULL,'2021-05-11 20:08:08','2021-05-11 20:08:08'),(195,9,123518,NULL,NULL,0,NULL,'2021-05-11 20:08:08','2021-05-11 20:08:08'),(196,9,123519,NULL,NULL,0,NULL,'2021-05-11 20:08:08','2021-05-11 20:08:08'),(197,9,123520,NULL,NULL,0,NULL,'2021-05-11 20:08:08','2021-05-11 20:08:08'),(198,9,123521,NULL,NULL,0,NULL,'2021-05-11 20:08:08','2021-05-11 20:08:08'),(199,9,123522,NULL,NULL,0,NULL,'2021-05-11 20:08:08','2021-05-11 20:08:08'),(200,9,123523,NULL,NULL,0,NULL,'2021-05-11 20:08:08','2021-05-11 20:08:08'),(225,4,2,17,'45',1,'waefwaefwaef','2021-09-21 12:47:29','2022-01-11 13:29:07'),(264,2,2,NULL,NULL,0,NULL,'2022-01-13 22:22:06','2022-02-21 18:15:40'),(269,30,2,98,'1212',0,NULL,'2022-01-14 10:25:24','2022-01-14 10:28:03');
/*!40000 ALTER TABLE `lab_submit` ENABLE KEYS */;
UNLOCK TABLES;

--
-- Table structure for table `log`
--

DROP TABLE IF EXISTS `log`;
/*!40101 SET @saved_cs_client     = @@character_set_client */;
/*!50503 SET character_set_client = utf8mb4 */;
CREATE TABLE `log` (
  `log_id` int NOT NULL AUTO_INCREMENT,
  `user_id` int DEFAULT NULL,
  `http_method` varchar(10) DEFAULT NULL COMMENT '操作类型（GET,POST,PUT,DELETE)',
  `resp_data` text,
  `req_params` text,
  PRIMARY KEY (`log_id`)
) ENGINE=InnoDB DEFAULT CHARSET=utf8mb4 COLLATE=utf8mb4_0900_ai_ci;
/*!40101 SET character_set_client = @saved_cs_client */;

--
-- Dumping data for table `log`
--

LOCK TABLES `log` WRITE;
/*!40000 ALTER TABLE `log` DISABLE KEYS */;
/*!40000 ALTER TABLE `log` ENABLE KEYS */;
UNLOCK TABLES;

--
-- Table structure for table `message_notify`
--

DROP TABLE IF EXISTS `message_notify`;
/*!40101 SET @saved_cs_client     = @@character_set_client */;
/*!50503 SET character_set_client = utf8mb4 */;
CREATE TABLE `message_notify` (
  `message_id` int NOT NULL AUTO_INCREMENT COMMENT 'id',
  `receiver_id` int NOT NULL COMMENT '接收者id',
  `sender_id` int NOT NULL COMMENT '发送者id',
  `content` varchar(512) NOT NULL COMMENT '消息内容',
  `created_at` datetime NOT NULL COMMENT '创建时间',
  `updated_at` datetime NOT NULL COMMENT '更新时间',
  PRIMARY KEY (`message_id`)
) ENGINE=InnoDB DEFAULT CHARSET=utf8mb4 COLLATE=utf8mb4_0900_ai_ci;
/*!40101 SET character_set_client = @saved_cs_client */;

--
-- Dumping data for table `message_notify`
--

LOCK TABLES `message_notify` WRITE;
/*!40000 ALTER TABLE `message_notify` DISABLE KEYS */;
/*!40000 ALTER TABLE `message_notify` ENABLE KEYS */;
UNLOCK TABLES;

--
-- Table structure for table `re_api_role`
--

DROP TABLE IF EXISTS `re_api_role`;
/*!40101 SET @saved_cs_client     = @@character_set_client */;
/*!50503 SET character_set_client = utf8mb4 */;
CREATE TABLE `re_api_role` (
  `api_role_id` int NOT NULL AUTO_INCREMENT,
  `role_id` int DEFAULT NULL,
  `api_id` int DEFAULT NULL,
  `created_at` datetime DEFAULT NULL COMMENT '创建时间',
  `updated_at` datetime DEFAULT NULL COMMENT '修改时间',
  `deleted_at` datetime DEFAULT NULL COMMENT '删除标记',
  PRIMARY KEY (`api_role_id`)
) ENGINE=InnoDB AUTO_INCREMENT=134 DEFAULT CHARSET=utf8mb4 COLLATE=utf8mb4_0900_ai_ci;
/*!40101 SET character_set_client = @saved_cs_client */;

--
-- Dumping data for table `re_api_role`
--

LOCK TABLES `re_api_role` WRITE;
/*!40000 ALTER TABLE `re_api_role` DISABLE KEYS */;
INSERT INTO `re_api_role` VALUES (1,1,102,'2021-03-06 19:36:58','2021-05-06 13:17:57',NULL),(2,1,103,'2021-03-06 19:36:58','2021-05-06 13:17:57',NULL),(3,1,104,'2021-03-06 19:36:58','2021-05-06 13:17:57',NULL),(4,1,106,'2021-03-06 19:36:58','2021-05-06 13:17:57',NULL),(5,1,109,'2021-03-06 19:36:58','2021-05-06 13:17:57',NULL),(6,1,201,'2021-03-06 19:36:58','2021-05-06 13:17:57',NULL),(7,1,202,'2021-03-06 19:36:58','2021-05-06 13:17:57',NULL),(8,1,203,'2021-03-06 19:36:58','2021-05-06 13:17:57',NULL),(9,1,204,'2021-03-06 19:36:58','2021-05-06 13:17:57',NULL),(10,1,205,'2021-03-06 19:36:58','2021-05-06 13:17:57',NULL),(11,1,206,'2021-03-06 19:36:58','2021-05-06 13:17:57',NULL),(12,1,207,'2021-03-06 19:36:58','2021-05-06 13:17:57',NULL),(13,1,208,'2021-03-06 19:36:58','2021-05-06 13:17:57',NULL),(14,1,209,'2021-03-06 19:36:58','2021-05-06 13:17:57',NULL),(15,1,210,'2021-03-06 19:36:58','2021-05-06 13:17:57',NULL),(16,1,212,'2021-03-06 19:36:58','2021-05-06 13:17:57',NULL),(17,1,215,'2021-03-06 19:36:58','2021-05-06 13:17:57',NULL),(18,1,217,'2021-03-06 19:36:58','2021-05-06 13:17:57',NULL),(19,1,218,'2021-03-06 19:36:58','2021-05-06 13:17:57',NULL),(20,1,219,'2021-03-06 19:36:58','2021-05-06 13:17:57',NULL),(21,1,220,'2021-03-06 19:36:58','2021-05-06 13:17:57',NULL),(22,1,221,'2021-03-06 19:36:58','2021-05-06 13:17:57',NULL),(23,1,222,'2021-03-06 19:36:58','2021-05-06 13:17:57',NULL),(24,1,301,'2021-03-06 19:36:58','2021-05-06 13:17:57',NULL),(25,1,302,'2021-03-06 19:36:58','2021-05-06 13:17:57',NULL),(26,1,303,'2021-03-06 19:36:58','2021-05-06 13:17:57',NULL),(27,1,305,'2021-03-06 19:36:58','2021-05-06 13:17:57',NULL),(28,1,306,'2021-03-06 19:36:58','2021-05-06 13:17:57',NULL),(29,1,401,'2021-03-06 19:36:58','2021-05-06 13:17:57',NULL),(30,1,402,'2021-03-06 19:36:58','2021-05-06 13:17:57',NULL),(31,1,403,'2021-03-06 19:36:58','2021-05-06 13:17:57',NULL),(32,1,404,'2021-03-06 19:36:58','2021-05-06 13:17:57',NULL),(33,1,503,'2021-03-06 19:36:58','2021-05-06 13:17:57',NULL),(34,1,504,'2021-03-06 19:36:58','2021-05-06 13:17:57',NULL),(35,1,601,'2021-03-06 19:36:58','2021-05-06 13:17:57',NULL),(36,1,602,'2021-03-15 11:26:50','2021-05-06 13:17:57',NULL),(37,1,603,'2021-03-16 10:25:20','2021-05-06 13:17:57',NULL),(38,1,223,'2021-03-16 23:12:30','2021-05-06 13:17:57',NULL),(39,1,224,'2021-03-16 23:12:30','2021-05-06 13:17:57',NULL),(40,1,225,'2021-03-16 23:12:30','2021-05-06 13:17:57',NULL),(41,1,226,'2021-03-16 23:12:30','2021-05-06 13:17:57',NULL),(42,1,227,'2021-03-16 23:12:30','2021-05-06 13:17:57',NULL),(43,1,701,'2021-03-23 19:13:09','2021-05-06 13:17:57',NULL),(44,1,702,'2021-03-23 19:13:09','2021-05-06 13:17:57',NULL),(45,1,505,'2021-04-06 12:37:37','2021-05-06 13:17:57',NULL),(46,1,228,'2021-04-11 10:30:43','2021-05-06 13:17:57',NULL),(47,1,507,'2021-04-11 10:30:43','2021-05-06 13:17:57',NULL),(48,1,230,'2021-04-12 00:04:04','2021-05-06 13:17:57',NULL),(49,1,231,'2021-04-14 13:16:46','2021-05-06 13:17:57',NULL),(50,1,232,'2021-04-14 13:16:46','2021-05-06 13:17:57',NULL),(51,1,308,'2021-04-14 13:16:46','2021-05-06 13:17:57',NULL),(52,1,233,'2021-04-14 16:18:37','2021-05-06 13:17:57',NULL),(53,1,234,'2021-04-14 16:18:37','2021-05-06 13:17:57',NULL),(54,1,235,'2021-04-14 16:40:54','2021-05-06 13:17:57',NULL),(55,1,236,'2021-04-16 22:29:29','2021-05-06 13:17:57',NULL),(56,1,308,'2021-04-16 22:29:29','2021-05-06 13:17:57',NULL),(57,1,508,'2021-05-06 11:00:25','2021-05-06 13:17:57',NULL),(58,1,509,'2021-05-06 11:00:25','2021-05-06 13:17:57',NULL),(100,2,102,'2021-03-15 11:26:50','2021-05-06 13:17:57',NULL),(101,2,103,'2021-03-15 11:26:50','2021-05-06 13:17:57',NULL),(102,2,104,'2021-03-15 11:26:50','2021-05-06 13:17:57',NULL),(103,2,109,'2021-03-15 11:26:50','2021-05-06 13:17:57',NULL),(104,2,201,'2021-03-15 11:26:50','2021-05-06 13:17:57',NULL),(105,2,202,'2021-03-15 11:26:50','2021-05-06 13:17:57',NULL),(106,2,203,'2021-03-15 11:26:50','2021-05-06 13:17:57',NULL),(107,2,204,'2021-03-15 11:26:50','2021-05-06 13:17:57',NULL),(108,2,205,'2021-03-15 11:26:50','2021-05-06 13:17:57',NULL),(109,2,206,'2021-03-15 11:26:50','2021-05-06 13:17:57',NULL),(110,2,207,'2021-03-15 11:26:50','2021-05-06 13:17:57',NULL),(111,2,211,'2021-03-15 11:26:50','2021-05-06 13:17:57',NULL),(112,2,212,'2021-03-15 11:26:50','2021-05-06 13:17:57',NULL),(113,2,213,'2021-03-15 11:26:50','2021-05-06 13:17:57',NULL),(114,2,216,'2021-03-15 11:26:50','2021-05-06 13:17:57',NULL),(115,2,303,'2021-03-15 11:26:50','2021-05-06 13:17:57',NULL),(116,2,305,'2021-03-15 11:26:50','2021-05-06 13:17:57',NULL),(117,2,401,'2021-03-15 11:26:50','2021-05-06 13:17:57',NULL),(118,2,402,'2021-03-15 11:26:50','2021-05-06 13:17:57',NULL),(119,2,403,'2021-03-15 11:26:50','2021-05-06 13:17:57',NULL),(120,2,404,'2021-03-15 11:26:50','2021-05-06 13:17:57',NULL),(121,2,501,'2021-03-15 11:26:50','2021-05-06 13:17:57',NULL),(122,2,502,'2021-03-15 11:26:50','2021-05-06 13:17:57',NULL),(123,2,601,'2021-03-15 11:26:50','2021-05-06 13:17:57',NULL),(124,2,602,'2021-03-16 10:25:20','2021-05-06 13:17:57',NULL),(125,2,225,'2021-03-16 23:12:30','2021-05-06 13:17:57',NULL),(126,2,226,'2021-03-16 23:12:30','2021-05-06 13:17:57',NULL),(127,2,307,'2021-03-16 23:12:30','2021-05-06 13:17:57',NULL),(128,2,701,'2021-03-16 23:12:30','2021-05-06 13:17:57',NULL),(129,2,506,'2021-03-16 23:12:30','2021-05-06 13:17:57',NULL),(130,2,228,'2021-03-17 11:04:59','2021-05-06 13:17:57',NULL),(131,2,229,'2021-03-23 19:13:09','2021-05-06 13:17:57',NULL),(132,2,308,'2021-04-16 22:29:29','2021-05-06 13:17:57',NULL),(133,1,509,'2021-05-06 11:00:25','2021-05-06 13:17:57',NULL);
/*!40000 ALTER TABLE `re_api_role` ENABLE KEYS */;
UNLOCK TABLES;

--
-- Table structure for table `re_course_user`
--

DROP TABLE IF EXISTS `re_course_user`;
/*!40101 SET @saved_cs_client     = @@character_set_client */;
/*!50503 SET character_set_client = utf8mb4 */;
CREATE TABLE `re_course_user` (
  `re_course_user_id` int NOT NULL AUTO_INCREMENT COMMENT '主键',
  `user_id` int DEFAULT NULL COMMENT '用户id',
  `course_id` int DEFAULT NULL COMMENT '课程id',
  `created_at` datetime DEFAULT NULL COMMENT '创建时间',
  `updated_at` datetime DEFAULT NULL COMMENT '更新时间',
  PRIMARY KEY (`re_course_user_id`),
  UNIQUE KEY `re_course_user_pk` (`user_id`,`course_id`),
  KEY `re_course_user_user_id_course_id_index` (`user_id`,`course_id`)
) ENGINE=InnoDB AUTO_INCREMENT=143 DEFAULT CHARSET=utf8mb4 COLLATE=utf8mb4_0900_ai_ci COMMENT='选课表';
/*!40101 SET character_set_client = @saved_cs_client */;

--
-- Dumping data for table `re_course_user`
--

LOCK TABLES `re_course_user` WRITE;
/*!40000 ALTER TABLE `re_course_user` DISABLE KEYS */;
INSERT INTO `re_course_user` VALUES (1,2,8,'2021-02-09 22:41:09','2021-04-14 10:43:09'),(2,2,9,'2021-02-09 22:41:10','2021-02-09 22:41:11'),(5,2,120,'2021-04-11 19:47:02','2021-04-11 19:47:02'),(57,123523,120,'2021-04-20 01:24:10','2021-04-20 01:24:10'),(58,123499,121,'2021-04-20 11:51:33','2021-04-20 11:51:33'),(59,123500,121,'2021-04-20 11:51:33','2021-04-20 11:51:33'),(60,123501,121,'2021-04-20 11:51:33','2021-04-20 11:51:33'),(61,123502,121,'2021-04-20 11:51:33','2021-04-20 11:51:33'),(62,123503,121,'2021-04-20 11:51:33','2021-04-20 11:51:33'),(63,123504,121,'2021-04-20 11:51:33','2021-04-20 11:51:33'),(64,123505,121,'2021-04-20 11:51:33','2021-04-20 11:51:33'),(65,123506,121,'2021-04-20 11:51:33','2021-04-20 11:51:33'),(66,123507,121,'2021-04-20 11:51:33','2021-04-20 11:51:33'),(67,123508,121,'2021-04-20 11:51:33','2021-04-20 11:51:33'),(68,123509,121,'2021-04-20 11:51:33','2021-04-20 11:51:33'),(69,123510,121,'2021-04-20 11:51:33','2021-04-20 11:51:33'),(70,123511,121,'2021-04-20 11:51:33','2021-04-20 11:51:33'),(71,123512,121,'2021-04-20 11:51:33','2021-04-20 11:51:33'),(72,123513,121,'2021-04-20 11:51:33','2021-04-20 11:51:33'),(73,123514,121,'2021-04-20 11:51:33','2021-04-20 11:51:33'),(74,123515,121,'2021-04-20 11:51:33','2021-04-20 11:51:33'),(75,123516,121,'2021-04-20 11:51:33','2021-04-20 11:51:33'),(76,123517,121,'2021-04-20 11:51:33','2021-04-20 11:51:33'),(77,123518,121,'2021-04-20 11:51:33','2021-04-20 11:51:33'),(78,123519,121,'2021-04-20 11:51:33','2021-04-20 11:51:33'),(79,123520,121,'2021-04-20 11:51:33','2021-04-20 11:51:33'),(80,123521,121,'2021-04-20 11:51:33','2021-04-20 11:51:33'),(81,123522,121,'2021-04-20 11:51:33','2021-04-20 11:51:33'),(82,123499,120,'2021-04-20 11:56:30','2021-04-20 11:56:30'),(83,123500,120,'2021-04-20 11:56:31','2021-04-20 11:56:31'),(84,123501,120,'2021-04-20 11:56:31','2021-04-20 11:56:31'),(85,123502,120,'2021-04-20 11:56:31','2021-04-20 11:56:31'),(86,123503,120,'2021-04-20 11:56:31','2021-04-20 11:56:31'),(87,123504,120,'2021-04-20 11:56:31','2021-04-20 11:56:31'),(88,123505,120,'2021-04-20 11:56:31','2021-04-20 11:56:31'),(89,123506,120,'2021-04-20 11:56:31','2021-04-20 11:56:31'),(90,123507,120,'2021-04-20 11:56:31','2021-04-20 11:56:31'),(91,123508,120,'2021-04-20 11:56:31','2021-04-20 11:56:31'),(92,123509,120,'2021-04-20 11:56:31','2021-04-20 11:56:31'),(93,123510,120,'2021-04-20 11:56:31','2021-04-20 11:56:31'),(94,123511,120,'2021-04-20 11:56:31','2021-04-20 11:56:31'),(95,123512,120,'2021-04-20 11:56:31','2021-04-20 11:56:31'),(96,123513,120,'2021-04-20 11:56:31','2021-04-20 11:56:31'),(97,123514,120,'2021-04-20 11:56:31','2021-04-20 11:56:31'),(98,123515,120,'2021-04-20 11:56:31','2021-04-20 11:56:31'),(99,123516,120,'2021-04-20 11:56:31','2021-04-20 11:56:31'),(100,123517,120,'2021-04-20 11:56:31','2021-04-20 11:56:31'),(101,123518,120,'2021-04-20 11:56:31','2021-04-20 11:56:31'),(102,123519,120,'2021-04-20 11:56:31','2021-04-20 11:56:31'),(103,123520,120,'2021-04-20 11:56:31','2021-04-20 11:56:31'),(104,123521,120,'2021-04-20 11:56:31','2021-04-20 11:56:31'),(105,123522,120,'2021-04-20 11:56:31','2021-04-20 11:56:31'),(106,123499,118,'2021-04-22 12:03:50','2021-04-22 12:03:50'),(107,123500,118,'2021-04-22 12:03:50','2021-04-22 12:03:50'),(108,123501,118,'2021-04-22 12:03:50','2021-04-22 12:03:50'),(109,123502,118,'2021-04-22 12:03:50','2021-04-22 12:03:50'),(110,123503,118,'2021-04-22 12:03:50','2021-04-22 12:03:50'),(111,123504,118,'2021-04-22 12:03:50','2021-04-22 12:03:50'),(112,123505,118,'2021-04-22 12:03:50','2021-04-22 12:03:50'),(113,123506,118,'2021-04-22 12:03:50','2021-04-22 12:03:50'),(114,123507,118,'2021-04-22 12:03:50','2021-04-22 12:03:50'),(115,123508,118,'2021-04-22 12:03:50','2021-04-22 12:03:50'),(116,123509,118,'2021-04-22 12:03:50','2021-04-22 12:03:50'),(117,123510,118,'2021-04-22 12:03:50','2021-04-22 12:03:50'),(118,123511,118,'2021-04-22 12:03:50','2021-04-22 12:03:50'),(119,123512,118,'2021-04-22 12:03:50','2021-04-22 12:03:50'),(120,123513,118,'2021-04-22 12:03:50','2021-04-22 12:03:50'),(121,123514,118,'2021-04-22 12:03:50','2021-04-22 12:03:50'),(122,123515,118,'2021-04-22 12:03:50','2021-04-22 12:03:50'),(123,123516,118,'2021-04-22 12:03:50','2021-04-22 12:03:50'),(124,123517,118,'2021-04-22 12:03:50','2021-04-22 12:03:50'),(125,123518,118,'2021-04-22 12:03:50','2021-04-22 12:03:50'),(126,123519,118,'2021-04-22 12:03:50','2021-04-22 12:03:50'),(127,123520,118,'2021-04-22 12:03:50','2021-04-22 12:03:50'),(128,123521,118,'2021-04-22 12:03:50','2021-04-22 12:03:50'),(129,123522,118,'2021-04-22 12:03:50','2021-04-22 12:03:50'),(130,123523,121,'2021-05-05 19:54:57','2021-05-05 22:14:46'),(135,2,122,'2021-05-11 09:10:56','2021-05-11 09:12:23'),(136,2,126,'2021-05-11 10:59:23','2021-05-11 10:59:47'),(137,2,118,'2021-09-07 15:05:09','2021-09-07 15:23:41'),(138,2,121,'2022-01-13 22:00:48','2022-01-13 22:00:48'),(141,2,127,'2022-01-13 22:02:43','2022-01-13 22:02:43');
/*!40000 ALTER TABLE `re_course_user` ENABLE KEYS */;
UNLOCK TABLES;

--
-- Table structure for table `re_user_role`
--

DROP TABLE IF EXISTS `re_user_role`;
/*!40101 SET @saved_cs_client     = @@character_set_client */;
/*!50503 SET character_set_client = utf8mb4 */;
CREATE TABLE `re_user_role` (
  `user_role_id` int NOT NULL AUTO_INCREMENT COMMENT '主键',
  `user_id` int DEFAULT NULL COMMENT '用户id',
  `role_id` int DEFAULT NULL COMMENT '角色id',
  `created_at` datetime DEFAULT NULL COMMENT '创建时间',
  `updated_at` datetime DEFAULT NULL COMMENT '修改时间',
  PRIMARY KEY (`user_role_id`)
) ENGINE=InnoDB AUTO_INCREMENT=52 DEFAULT CHARSET=utf8mb4 COLLATE=utf8mb4_0900_ai_ci;
/*!40101 SET character_set_client = @saved_cs_client */;

--
-- Dumping data for table `re_user_role`
--

LOCK TABLES `re_user_role` WRITE;
/*!40000 ALTER TABLE `re_user_role` DISABLE KEYS */;
INSERT INTO `re_user_role` VALUES (1,1,1,'2021-03-10 14:35:33','2021-03-10 14:35:36'),(2,2,2,'2021-03-10 14:35:35','2021-03-10 14:35:36'),(3,123475,2,'2021-04-16 20:57:04','2021-04-16 20:57:04'),(4,123476,2,'2021-04-16 20:57:14','2021-04-16 20:57:14'),(5,123477,2,'2021-04-16 20:57:21','2021-04-16 20:57:21'),(6,123478,2,'2021-04-16 20:57:28','2021-04-16 20:57:28'),(7,123479,2,'2021-04-16 20:57:34','2021-04-16 20:57:34'),(8,123480,2,'2021-04-16 20:57:43','2021-04-16 20:57:43'),(9,123481,2,'2021-04-16 20:57:51','2021-04-16 20:57:51'),(10,123482,2,'2021-04-16 20:57:51','2021-04-16 20:57:51'),(11,123483,2,'2021-04-16 20:57:52','2021-04-16 20:57:52'),(12,123484,2,'2021-04-16 20:57:52','2021-04-16 20:57:52'),(13,123485,2,'2021-04-16 20:57:52','2021-04-16 20:57:52'),(14,123486,2,'2021-04-16 20:57:53','2021-04-16 20:57:53'),(15,123487,2,'2021-04-16 20:57:53','2021-04-16 20:57:53'),(16,123488,2,'2021-04-16 20:57:54','2021-04-16 20:57:54'),(17,123489,2,'2021-04-16 20:57:54','2021-04-16 20:57:54'),(18,123490,2,'2021-04-16 20:57:54','2021-04-16 20:57:54'),(19,123491,2,'2021-04-16 20:57:55','2021-04-16 20:57:55'),(20,123492,2,'2021-04-16 20:57:55','2021-04-16 20:57:55'),(21,123493,2,'2021-04-16 20:57:56','2021-04-16 20:57:56'),(22,123494,2,'2021-04-16 20:57:56','2021-04-16 20:57:56'),(23,123495,2,'2021-04-16 20:57:57','2021-04-16 20:57:57'),(24,123496,2,'2021-04-16 20:57:57','2021-04-16 20:57:57'),(25,123497,2,'2021-04-16 20:57:57','2021-04-16 20:57:57'),(26,123498,2,'2021-04-16 20:57:58','2021-04-16 20:57:58'),(27,123499,2,'2021-04-16 22:06:28','2021-04-16 22:06:28'),(28,123500,2,'2021-04-16 22:06:35','2021-04-16 22:06:35'),(29,123501,2,'2021-04-16 22:06:45','2021-04-16 22:06:45'),(30,123502,2,'2021-04-16 22:07:12','2021-04-16 22:07:12'),(31,123503,2,'2021-04-16 22:07:14','2021-04-16 22:07:14'),(32,123504,2,'2021-04-16 22:07:15','2021-04-16 22:07:15'),(33,123505,2,'2021-04-16 22:07:16','2021-04-16 22:07:16'),(34,123506,2,'2021-04-16 22:07:19','2021-04-16 22:07:19'),(35,123507,2,'2021-04-16 22:07:20','2021-04-16 22:07:20'),(36,123508,2,'2021-04-16 22:07:20','2021-04-16 22:07:20'),(37,123509,2,'2021-04-16 22:07:21','2021-04-16 22:07:21'),(38,123510,2,'2021-04-16 22:07:21','2021-04-16 22:07:21'),(39,123511,2,'2021-04-16 22:07:22','2021-04-16 22:07:22'),(40,123512,2,'2021-04-16 22:07:22','2021-04-16 22:07:22'),(41,123513,2,'2021-04-16 22:07:23','2021-04-16 22:07:23'),(42,123514,2,'2021-04-16 22:07:23','2021-04-16 22:07:23'),(43,123515,2,'2021-04-16 22:07:24','2021-04-16 22:07:24'),(44,123516,2,'2021-04-16 22:07:24','2021-04-16 22:07:24'),(45,123517,2,'2021-04-16 22:07:25','2021-04-16 22:07:25'),(46,123518,2,'2021-04-16 22:07:25','2021-04-16 22:07:25'),(47,123519,2,'2021-04-16 22:07:25','2021-04-16 22:07:25'),(48,123520,2,'2021-04-16 22:07:26','2021-04-16 22:07:26'),(49,123521,2,'2021-04-16 22:07:26','2021-04-16 22:07:26'),(50,123522,2,'2021-04-16 22:07:27','2021-04-16 22:07:27'),(51,123523,2,'2021-04-19 21:33:42','2021-04-19 21:33:42');
/*!40000 ALTER TABLE `re_user_role` ENABLE KEYS */;
UNLOCK TABLES;

--
-- Table structure for table `sys_api`
--

DROP TABLE IF EXISTS `sys_api`;
/*!40101 SET @saved_cs_client     = @@character_set_client */;
/*!50503 SET character_set_client = utf8mb4 */;
CREATE TABLE `sys_api` (
  `api_id` int NOT NULL AUTO_INCREMENT,
  `api` varchar(50) DEFAULT NULL COMMENT 'api',
  `method` varchar(10) DEFAULT NULL,
  `description` varchar(50) DEFAULT NULL COMMENT '描述',
  `created_at` datetime DEFAULT NULL COMMENT '创建时间',
  `updated_at` datetime DEFAULT NULL COMMENT '修改时间',
  PRIMARY KEY (`api_id`)
) ENGINE=InnoDB AUTO_INCREMENT=703 DEFAULT CHARSET=utf8mb4 COLLATE=utf8mb4_0900_ai_ci;
/*!40101 SET character_set_client = @saved_cs_client */;

--
-- Dumping data for table `sys_api`
--

LOCK TABLES `sys_api` WRITE;
/*!40000 ALTER TABLE `sys_api` DISABLE KEYS */;
INSERT INTO `sys_api` VALUES (101,'/web/user/signup/stu','POST','学生注册','2021-03-06 19:30:42','2021-05-06 13:17:57'),(102,'/web/user/[0-9]*$','GET','根据用户id获取信息','2021-03-06 19:30:42','2021-05-06 13:17:57'),(103,'/web/user','PUT','更新用户信息','2021-03-06 19:30:42','2021-05-06 13:17:57'),(104,'/web/user','DELETE','注销用户','2021-03-06 19:30:42','2021-05-06 13:17:57'),(105,'/web/user/nickname','GET','昵称唯一性检查','2021-03-06 19:30:42','2021-05-06 13:17:57'),(106,'/web/user/email','GET','邮箱唯一性检查','2021-03-06 19:30:42','2021-05-06 13:17:57'),(107,'/web/user/verificationCode','POST','发送验证码','2021-03-06 19:30:42','2021-05-06 13:17:57'),(108,'/web/user/password','PUT','重置密码','2021-03-06 19:30:42','2021-05-06 13:17:57'),(109,'/web/user','GET','根据token获取信息','2021-03-16 10:25:19','2021-05-06 13:17:57'),(201,'/web/comment/course','POST','新增课程评论','2021-03-06 19:30:42','2021-05-06 13:17:57'),(202,'/web/comment/lab','POST','新增实验评论','2021-03-06 19:30:42','2021-05-06 13:17:57'),(203,'/web/comment/course','GET','查询课程评论','2021-03-06 19:30:42','2021-05-06 13:17:57'),(204,'/web/comment/lab','GET','查询实验评论','2021-03-06 19:30:42','2021-05-06 13:17:57'),(205,'/web/comment/course','DELETE','删除课程评论','2021-03-06 19:30:42','2021-05-06 13:17:57'),(206,'/web/comment/lab','DELETE','删除实验评论','2021-03-06 19:30:42','2021-05-06 13:17:57'),(207,'/web/course/[0-9]*$','GET','根据课程id查询课程信息','2021-03-06 19:30:42','2021-05-06 13:17:57'),(208,'/web/course','POST','新建课程','2021-03-06 19:30:42','2021-05-06 13:17:57'),(209,'/web/course','PUT','修改课程','2021-03-06 19:30:42','2021-05-06 13:17:57'),(210,'/web/course/setup','GET','根据教师id分页查询所有该老师开设课程','2021-03-06 19:30:42','2021-05-06 13:17:57'),(211,'/web/course/study','GET','根据用户id分页查询所该用户修读课程','2021-03-06 19:30:42','2021-05-06 13:17:57'),(212,'/web/course/student/[0-9]*$','GET','根据课程id分页获取修读该课程的学生','2021-03-06 19:30:42','2021-05-06 13:17:57'),(213,'/web/course/attend','POST','学生加入课程','2021-03-06 19:30:42','2021-05-06 13:17:57'),(214,'/web/course/quit','DELETE','学生退出课程','2021-03-06 19:30:42','2021-05-06 13:17:57'),(215,'/web/course','DELETE','教师解散课程','2021-03-06 19:30:42','2021-05-06 13:17:57'),(216,'/web/checkin/check','POST','学生签到','2021-03-06 19:30:42','2021-05-06 13:17:57'),(217,'/web/checkin/start','POST','教师发起签到','2021-03-06 19:30:42','2021-05-06 13:17:57'),(218,'/web/checkin/records','GET','签到记录','2021-03-06 19:30:42','2021-05-06 13:17:57'),(219,'/web/checkin/details','GET','签到详情','2021-03-06 19:30:42','2021-05-06 13:17:57'),(220,'/web/checkin/record','DELETE','删除签到记录','2021-03-06 19:30:42','2021-05-06 13:17:57'),(221,'/web/checkin/detail','PUT','修改签到详情','2021-03-06 19:30:42','2021-05-06 13:17:57'),(222,'/web/checkin/export/[0-9]*$','GET','导出签到表','2021-03-10 15:47:06','2021-05-06 13:17:57'),(223,'/web/course/resource','POST','新增课程资源','2021-03-16 23:12:28','2021-05-06 13:17:57'),(224,'/web/course/resource','PUT','修改课程资源','2021-03-16 23:12:28','2021-05-06 13:17:57'),(225,'/web/course/resource','GET','列表课程资源','2021-03-16 23:12:28','2021-05-06 13:17:57'),(226,'/web/course/resource/[0-9]*$','GET','获得具体课程资源','2021-03-16 23:12:28','2021-05-06 13:17:57'),(227,'/web/course/resource','DELETE','删除课程资源','2021-03-16 23:12:28','2021-05-06 13:17:57'),(228,'/web/course','GET','列表全部课程','2021-04-11 10:30:42','2021-05-06 13:17:57'),(229,'/web/checkin/record/user','GET','学生获取自己的签到表','2021-04-11 10:30:42','2021-05-06 13:17:57'),(230,'/web/score/export/[0-9]*$','GET','导出成绩表','2021-04-12 00:04:04','2021-05-06 13:17:57'),(231,'/web/course/student/export/template','GET','导出学生模板','2021-04-14 13:16:46','2021-05-06 13:17:57'),(232,'/web/course/student/import','POST','导入学生','2021-04-14 13:16:46','2021-05-06 13:17:57'),(233,'/web/course/student/examine/[0-9]*$','GET','根据课程id查询等待审核进入课程的学生','2021-04-14 16:18:37','2021-05-06 13:17:57'),(234,'/web/course/examine','POST','审核进入课程','2021-04-14 16:18:37','2021-05-06 13:17:57'),(235,'/web/course/ide/[0-9]*$','GET','根据courseId列表所有容器','2021-04-14 16:40:54','2021-05-06 13:17:57'),(236,'/web/course/score','GET','列表课程内的学生综合成绩','2021-04-16 22:29:29','2021-05-06 13:17:57'),(301,'/web/lab','POST','新增实验','2021-03-10 15:47:06','2021-05-06 13:17:57'),(302,'/web/lab','PUT','修改实验','2021-03-10 15:47:06','2021-05-06 13:17:57'),(303,'/web/lab','GET','实验列表','2021-03-10 15:47:06','2021-05-06 13:17:57'),(305,'/web/lab/[0-9]*$','GET','获取实验详细信息','2021-03-10 15:47:06','2021-05-06 13:17:57'),(306,'/web/lab','DELETE','删除实验','2021-03-10 15:47:06','2021-05-06 13:17:57'),(307,'/web/lab/student','GET','根据token获取实验','2021-03-17 11:04:59','2021-05-06 13:17:57'),(308,'/web/lab/summit/comment','PUT','修改实验评语','2021-04-14 13:16:46','2021-05-06 13:17:57'),(309,'/web/lab/score','GET','列表单个学生成绩','2021-04-16 22:29:29','2021-05-06 13:17:57'),(401,'/web/upload/pic','POST','上传图片','2021-03-10 15:47:06','2021-05-06 13:17:57'),(402,'/web/upload/pdf','POST','上传pdf','2021-03-10 15:47:06','2021-05-06 13:17:57'),(403,'/web/upload/attachments','POST','上传附件','2021-03-10 15:47:06','2021-05-06 13:17:57'),(404,'/web/upload/video','POST','上传视频','2021-03-10 15:47:06','2021-05-06 13:17:57'),(501,'/web/lab/summit/report','POST','上传实验报告','2021-03-10 15:47:06','2021-05-06 13:17:57'),(502,'/web/lab/summit/code','POST','标记实验代码完成','2021-03-10 15:47:06','2021-05-06 13:17:57'),(503,'/web/lab/summit/[0-9]*$','GET','查阅完成情况','2021-03-10 15:47:06','2021-05-06 13:17:57'),(504,'/web/lab/summit/compile_error_log/[0-9]*$','GET','查阅编译错误日志','2021-03-10 15:47:06','2021-05-06 13:17:57'),(505,'/web/lab/summit/plagiarism/[0-9]*$','GET','代码抄袭检测','2021-04-06 12:37:37','2021-05-06 13:17:57'),(506,'/web/lab/summit/report','GET','获取本用户某实验的提交报告','2021-04-11 10:30:42','2021-05-06 13:17:57'),(507,'/web/lab/summit/score','PUT','修改用户实验成绩','2021-04-11 10:30:42','2021-05-06 13:17:57'),(508,'/web/lab/summit/comment','PUT','修改用户实验评语','2021-05-06 11:00:25','2021-05-06 13:17:57'),(509,'/web/lab/summit/comment','GET','查询用户实验评语','2021-05-06 11:00:25','2021-05-06 13:17:57'),(601,'/web/ide','POST','打开ide','2021-03-15 11:25:07','2021-05-06 13:17:57'),(602,'/web/ide','DELETE','关闭ide','2021-03-15 11:25:07','2021-05-06 13:17:57'),(603,'/web/ide/checkCode','POST','检查代码','2021-03-15 11:25:07','2021-05-06 13:17:57'),(701,'/web/coding_time','GET','查看个人编码时间','2021-03-23 19:13:09','2021-05-06 13:17:57'),(702,'/web/coding_time/[0-9]*$','GET','查看课程成员编码时间','2021-03-23 19:13:09','2021-05-06 13:17:57');
/*!40000 ALTER TABLE `sys_api` ENABLE KEYS */;
UNLOCK TABLES;

--
-- Table structure for table `sys_role`
--

DROP TABLE IF EXISTS `sys_role`;
/*!40101 SET @saved_cs_client     = @@character_set_client */;
/*!50503 SET character_set_client = utf8mb4 */;
CREATE TABLE `sys_role` (
  `role_id` int NOT NULL AUTO_INCREMENT COMMENT '主键',
  `description` varchar(50) DEFAULT NULL COMMENT '描述',
  `created_at` datetime DEFAULT NULL COMMENT '创建时间',
  `updated_at` datetime DEFAULT NULL COMMENT '更新时间',
  PRIMARY KEY (`role_id`)
) ENGINE=InnoDB AUTO_INCREMENT=4 DEFAULT CHARSET=utf8mb4 COLLATE=utf8mb4_0900_ai_ci;
/*!40101 SET character_set_client = @saved_cs_client */;

--
-- Dumping data for table `sys_role`
--

LOCK TABLES `sys_role` WRITE;
/*!40000 ALTER TABLE `sys_role` DISABLE KEYS */;
INSERT INTO `sys_role` VALUES (1,'Teacher','2021-01-14 16:23:26','2021-01-14 16:23:27'),(2,'Student','2021-01-14 16:23:36','2021-01-14 16:23:38'),(3,'Admin','2021-07-18 22:58:30','2021-07-18 22:58:32');
/*!40000 ALTER TABLE `sys_role` ENABLE KEYS */;
UNLOCK TABLES;

--
-- Table structure for table `sys_user`
--

DROP TABLE IF EXISTS `sys_user`;
/*!40101 SET @saved_cs_client     = @@character_set_client */;
/*!50503 SET character_set_client = utf8mb4 */;
CREATE TABLE `sys_user` (
  `user_id` int NOT NULL AUTO_INCREMENT COMMENT '主键',
  `email` varchar(255) NOT NULL COMMENT '邮箱',
  `user_num` varchar(255) DEFAULT NULL COMMENT '学号/职工号',
  `username` varchar(255) NOT NULL COMMENT '真实姓名',
  `avatar_img` varchar(255) DEFAULT NULL COMMENT '头像url',
  `grade` int DEFAULT NULL COMMENT '年级',
  `school` varchar(255) DEFAULT NULL COMMENT '学院',
  `password` varchar(255) NOT NULL COMMENT '密码',
  `gender` int DEFAULT NULL COMMENT '性别',
  `major` varchar(255) DEFAULT NULL COMMENT '专业',
  `organization` varchar(255) DEFAULT NULL COMMENT '单位，例如软件工程4班',
  `role_id` int DEFAULT NULL COMMENT '角色id',
  `updated_at` datetime NOT NULL COMMENT '修改时间',
  `created_at` datetime NOT NULL COMMENT '创建时间',
  PRIMARY KEY (`user_id`)
) ENGINE=InnoDB AUTO_INCREMENT=123524 DEFAULT CHARSET=utf8mb4 COLLATE=utf8mb4_0900_ai_ci;
/*!40101 SET character_set_client = @saved_cs_client */;

--
-- Dumping data for table `sys_user`
--

LOCK TABLES `sys_user` WRITE;
/*!40000 ALTER TABLE `sys_user` DISABLE KEYS */;
INSERT INTO `sys_user` VALUES (1,'87654321','87654321','李付强',NULL,2006,'计算机学院','$2a$10$CzLTVkmcbgQ7CYyKS6MZQegEVCOcNufqxydwiOEIa/7/4S3Qjjp0S',1,'计算机科学与技术','计算机科学与技术',1,'2021-05-11 10:33:18','2021-01-14 16:22:36'),(2,'12345678','12345678','陈小明',NULL,2017,'计算机学院','$2a$10$jxeIL1LNa0aRpsWM7IYzlOhmhgRET2nl1mmOagJTsXK14IYvQzc2O',1,'计算机科学与技术','计算机17级4班',2,'2021-05-10 16:16:41','2020-12-31 18:50:15'),(123499,'20172333112@m.scnu.edu.cn','20172333112','陈吉祥',NULL,NULL,NULL,'$2a$10$GfMHpH7.3zuKM5/YYdIE8.cAN/NUq1H9i7sLkeyoUZgMr4dK/Tus6',NULL,'计算机科学与技术','2017软件工程1班',2,'2021-04-16 22:06:23','2021-04-16 22:06:23'),(123500,'20172333113@m.scnu.edu.cn','20172333113','吕宏扬',NULL,NULL,NULL,'$2a$10$ArcKJOwJbP6Qih2sgdtve.oDS2LsaYLljVxZx3xL3wlNV7jZI9Soe',NULL,'计算机科学与技术','2017软件工程2班',2,'2021-07-19 21:07:56','2021-04-16 22:06:34'),(123501,'20172333114@m.scnu.edu.cn','20172333114','夏曾琪',NULL,NULL,NULL,'$2a$10$Y.Y5UH.gaNlOzFruq6L9ue79L.Y74//n9I/RA98DZL2RBNO8.ERY2',NULL,'计算机科学与技术','2017软件工程3班',2,'2021-04-16 22:06:45','2021-04-16 22:06:45'),(123502,'20172333115@m.scnu.edu.cn','20172333115','蒋朋兴',NULL,NULL,NULL,'$2a$10$pJdr6rU0Zo/GdGkLpGyG1ugqs6N0p/5Ia/cT0ubBtkSnWaaanQklm',NULL,'计算机科学与技术','2017软件工程4班',2,'2021-04-16 22:07:12','2021-04-16 22:07:12'),(123503,'20172333116@m.scnu.edu.cn','20172333116','史兴贤',NULL,NULL,NULL,'$2a$10$Pu73YlbxAR7A36jAeCD7s.elMSGK12tihW0smEMlbKV4993HTlogq',NULL,'计算机科学与技术','2017软件工程5班',2,'2021-04-16 22:07:13','2021-04-16 22:07:13'),(123504,'20172333117@m.scnu.edu.cn','20172333117','熊博赡',NULL,NULL,NULL,'$2a$10$X.ZAEajUQluvztyR0yVVe.vaIFbhIGgyTTmXMOA7L9/0ULWOgcBGG',NULL,'计算机科学与技术','2017软件工程6班',2,'2021-04-16 22:07:14','2021-04-16 22:07:14'),(123505,'20172333118@m.scnu.edu.cn','20172333118','易弘方',NULL,NULL,NULL,'$2a$10$WVCVP6N5B8MQ2.sBJmP5bOAtIe6PRE/dW9PltERN3zO56rGKsl66e',NULL,'计算机科学与技术','2017软件工程7班',2,'2021-04-16 22:07:16','2021-04-16 22:07:16'),(123506,'20172333119@m.scnu.edu.cn','20172333119','邹鸿羲',NULL,NULL,NULL,'$2a$10$EGrQGwWvhQtxJ55bObD.le74P6THaj.1V1eyCP7PwAQAGbXQ0UBfi',NULL,'计算机科学与技术','2017软件工程8班',2,'2021-04-16 22:07:19','2021-04-16 22:07:19'),(123507,'20172333120@m.scnu.edu.cn','20172333120','石宏达',NULL,NULL,NULL,'$2a$10$5a0l6fq5uqvkAuhDM1qMROUtNFuHH0IG2GHlxm0qf5iZzcT/8vjYS',NULL,'计算机科学与技术','2017软件工程9班',2,'2021-04-16 22:07:19','2021-04-16 22:07:19'),(123508,'20172333121@m.scnu.edu.cn','20172333121','唐浩宕',NULL,NULL,NULL,'$2a$10$qQ0Su.uiuw1kF0LBAkn6NeRS38vzgC6IGzyyfqYjPtisgwaO4KaYC',NULL,'计算机科学与技术','2017软件工程10班',2,'2021-04-16 22:07:20','2021-04-16 22:07:20'),(123509,'20172333122@m.scnu.edu.cn','20172333122','石高爽',NULL,NULL,NULL,'$2a$10$trQKZmYC85KAza5l9sjHV.jA.uSw6z90wdypNwZkiNs5smNqMn/bu',NULL,'计算机科学与技术','2017软件工程11班',2,'2021-04-16 22:07:21','2021-04-16 22:07:21'),(123510,'20172333123@m.scnu.edu.cn','20172333123','苏修洁',NULL,NULL,NULL,'$2a$10$aOxz3dSE.tR2Y3nrEdsqsOzdGRAyYZKWQ.7iBBamkdPzfW.aMKeFW',NULL,'计算机科学与技术','2017软件工程12班',2,'2021-04-16 22:07:21','2021-04-16 22:07:21'),(123511,'20172333124@m.scnu.edu.cn','20172333124','顾才俊',NULL,NULL,NULL,'$2a$10$ruL1zDvb0QSFCODc5zZSNerhjE.CVGS1g5oEHf3shf/.OZW.V6BJ6',NULL,'计算机科学与技术','2017软件工程13班',2,'2021-04-16 22:07:22','2021-04-16 22:07:22'),(123512,'20172333125@m.scnu.edu.cn','20172333125','段鹏赋',NULL,NULL,NULL,'$2a$10$PNYo4SzP/a311ONVupLWIedWB6lUKLZn/lJdUSZjeWCTCtSYsOTfy',NULL,'网络工程','2017网络工程3班',2,'2021-04-16 22:07:22','2021-04-16 22:07:22'),(123513,'20172333126@m.scnu.edu.cn','20172333126','易意远',NULL,NULL,NULL,'$2a$10$fGMQxmYSsm3U9TetXiSJXOTPKaSln9e0z6SQTEAupN70F2dLMhMVa',NULL,'网络工程','2017网络工程4班',2,'2021-04-16 22:07:23','2021-04-16 22:07:23'),(123514,'20172333127@m.scnu.edu.cn','20172333127','熊俊明',NULL,NULL,NULL,'$2a$10$V7HGCpwJ/N9Eu9gE64mAb./AdaheDdOvB3Nzk3lF.a/VHZoKA4Yy6',NULL,'网络工程','2017网络工程5班',2,'2021-04-16 22:07:23','2021-04-16 22:07:23'),(123515,'20172333128@m.scnu.edu.cn','20172333128','彭奇迈',NULL,NULL,NULL,'$2a$10$29PpAZiATK/bXMHVCpQ0seOCP7xBQtkJHm7GJCOdPhnhrBu53Y3qy',NULL,'网络工程','2017网络工程6班',2,'2021-04-16 22:07:24','2021-04-16 22:07:24'),(123516,'20172333129@m.scnu.edu.cn','20172333129','蔡康裕',NULL,NULL,NULL,'$2a$10$baCFZT2kkMePGrahwKOv3OClI908DebHJyxmIvVmNKhflCIE1jMzi',NULL,'网络工程','2017网络工程7班',2,'2021-04-16 22:07:24','2021-04-16 22:07:24'),(123517,'20172333130@m.scnu.edu.cn','20172333130','周同济',NULL,NULL,NULL,'$2a$10$2nrnTtxvJH/VW09lUt1Cz.xeMYZe2QEdWUqvAiAx.0pbsOzyOe4yq',NULL,'人工智能','2017人工智能5班',2,'2021-04-16 22:07:24','2021-04-16 22:07:24'),(123518,'20172333131@m.scnu.edu.cn','20172333131','孟恺歌',NULL,NULL,NULL,'$2a$10$HvXoQVd12NeJnazflLuK.uH54Z9wdEbGmf65Di6ybmaB83KE/q7.e',NULL,'人工智能','2017人工智能5班',2,'2021-04-16 22:07:25','2021-04-16 22:07:25'),(123519,'20172333132@m.scnu.edu.cn','20172333132','钱飞舟',NULL,NULL,NULL,'$2a$10$4HW8YnA5Vkk4C.g0sVUQCOLKH9je.5kfQUrdzffQn5PM.t5XURmHq',NULL,'人工智能','2017人工智能5班',2,'2021-04-16 22:07:25','2021-04-16 22:07:25'),(123520,'20172333133@m.scnu.edu.cn','20172333133','田睿才',NULL,NULL,NULL,'$2a$10$gN6.CuDMosec9EO8SQYE2e.YphlJk96YrYMuK8FhyBZAZfNqITdhi',NULL,'人工智能','2017人工智能5班',2,'2021-04-16 22:07:26','2021-04-16 22:07:26'),(123521,'20172333134@m.scnu.edu.cn','20172333134','何祺然',NULL,NULL,NULL,'$2a$10$R1WHLnC5CzDInrjlWV29UuNwtt.LI/nLTlGVVZYEPE0qvE46vo6SS',NULL,'人工智能','2017人工智能5班',2,'2021-04-16 22:07:26','2021-04-16 22:07:26'),(123522,'20172333135@m.scnu.edu.cn','20172333135','任凯凯',NULL,NULL,NULL,'$2a$10$RdOtWTbT7KadKdylle1LkeW8hMStrhIJxA3f.SWp3xgxOyKb3nAEa',NULL,'人工智能','2017人工智能5班',2,'2021-04-16 22:07:27','2021-04-16 22:07:27'),(123523,'1256784805@qq.com','20172135','沈小圆',NULL,NULL,NULL,'$2a$10$Vmr/bK7wStYaA2dOGTdYNeQC5H3dn7YFHwlHGGLiVH/hA0Rsy6cJK',0,'网络工程','华南师范大学计算机学院',2,'2021-04-19 22:04:08','2021-04-19 21:33:42');
/*!40000 ALTER TABLE `sys_user` ENABLE KEYS */;
UNLOCK TABLES;
/*!40103 SET TIME_ZONE=@OLD_TIME_ZONE */;

/*!40101 SET SQL_MODE=@OLD_SQL_MODE */;
/*!40014 SET FOREIGN_KEY_CHECKS=@OLD_FOREIGN_KEY_CHECKS */;
/*!40014 SET UNIQUE_CHECKS=@OLD_UNIQUE_CHECKS */;
/*!40101 SET CHARACTER_SET_CLIENT=@OLD_CHARACTER_SET_CLIENT */;
/*!40101 SET CHARACTER_SET_RESULTS=@OLD_CHARACTER_SET_RESULTS */;
/*!40101 SET COLLATION_CONNECTION=@OLD_COLLATION_CONNECTION */;
/*!40111 SET SQL_NOTES=@OLD_SQL_NOTES */;

-- Dump completed on 2022-04-12 14:13:48
